{
  "aartiind": 2.112958565651736,
  "ajantpharm": 3.240653966736399,
  "apollohosp": 3.2692308185247425,
  "auropharma": 5.527143139800164,
  "balkrisind": 2.395079810780041,
  "cadilahc": 4.46035602909569,
  "cipla": 5.160076163456528,
  "coromandel": 2.4687549142778646,
  "divislab": 4.654810536522334,
  "emamiltd": 3.0633881172791866,
  "escorts": 3.88376311154773,
  "glenmark": 2.4851289968354404,
  "hcltech": 2.8970519245400244,
  "idea": 12.821249218707267,
  "infy": 3.3613306129462415,
  "irctc": 3.392717800974522,
  "jublfood": 2.3556331875879812,
  "lalpathlab": 2.0832832082715687,
  "lupin": 2.583148316716808,
  "mindtree": 5.369488413381986,
  "mphasis": 4.855036992473955,
  "navinfluor": 7.5407994098385664,
  "syngene": 5.2691507023239925,
  "tataconsum": 2.3869486084472937,
  "tcs": 2.3628174332819487
}